Profile,Data set,Iteration,Function name,Calls,Calls (relative),Self time,Self time (relative),Proportion,Proportion (relative)
"TopN_Outlier_Pruning_Block_NO_BLOCKING","ball1","average","add_neighbour",188278,0.499452209598137,0.00666666666666667,0.0217391304347824,2.15333333333333,0.0215139707596496
"TopN_Outlier_Pruning_Block_NO_BLOCKING","ball1","average","best_outliers",204,0.000541158556804406,0,0,0,0
"TopN_Outlier_Pruning_Block_NO_BLOCKING","ball1","average","distance_squared",188278,0.499452209598137,0.296666666666667,0.967391304347816,96.86,0.967729043860525
"TopN_Outlier_Pruning_Block_NO_BLOCKING","ball1","average","merge",204,0.000541158556804406,0,0,0,0
"TopN_Outlier_Pruning_Block_NO_BLOCKING","ball1","average","read_vardump",1,2.65273802355101e-06,0,0,0,0
"TopN_Outlier_Pruning_Block_NO_BLOCKING","ball1","average","set_num_vectors",2,5.30547604710202e-06,0,0,0,0
"TopN_Outlier_Pruning_Block_NO_BLOCKING","ball1","average","test",1,2.65273802355101e-06,0,0,0,0
"TopN_Outlier_Pruning_Block_NO_BLOCKING","ball1","average","top_n_outlier_pruning_block",1,2.65273802355101e-06,0.00333333333333333,0.0108695652173912,1.07666666666667,0.0107569853798248
"TopN_Outlier_Pruning_Block_SORTED","ball1","average","add_neighbour",196517,0.499940215884258,0.00333333333333333,0.010204081632653,1.04333333333333,0.0104249933386624
"TopN_Outlier_Pruning_Block_SORTED","ball1","average","best_outliers",14,3.56160689527095e-05,0,0,0,0
"TopN_Outlier_Pruning_Block_SORTED","ball1","average","distance_squared",196517,0.499940215884258,0.323333333333333,0.989795918367337,99.0366666666667,0.989575006661338
"TopN_Outlier_Pruning_Block_SORTED","ball1","average","merge",14,3.56160689527095e-05,0,0,0,0
"TopN_Outlier_Pruning_Block_SORTED","ball1","average","read_vardump",1,2.54400492519354e-06,0,0,0,0
"TopN_Outlier_Pruning_Block_SORTED","ball1","average","set_num_vectors",2,5.08800985038707e-06,0,0,0,0
"TopN_Outlier_Pruning_Block_SORTED","ball1","average","sort_block_scores_descending",14,3.56160689527095e-05,0,0,0,0
"TopN_Outlier_Pruning_Block_SORTED","ball1","average","test",1,2.54400492519354e-06,0,0,0,0
"TopN_Outlier_Pruning_Block_SORTED","ball1","average","top_n_outlier_pruning_block",1,2.54400492519354e-06,0,0,0,0
"TopN_Outlier_Pruning_Block_UNSORTED","ball1","average","add_neighbour",196517,0.499940215884258,0.03,0.0891089108910882,8.87,0.0886261448792673
"TopN_Outlier_Pruning_Block_UNSORTED","ball1","average","best_outliers",14,3.56160689527095e-05,0,0,0,0
"TopN_Outlier_Pruning_Block_UNSORTED","ball1","average","distance_squared",196517,0.499940215884258,0.3,0.891089108910882,89.25,0.891756869275604
"TopN_Outlier_Pruning_Block_UNSORTED","ball1","average","merge",14,3.56160689527095e-05,0,0,0,0
"TopN_Outlier_Pruning_Block_UNSORTED","ball1","average","read_vardump",1,2.54400492519354e-06,0,0,0,0
"TopN_Outlier_Pruning_Block_UNSORTED","ball1","average","set_num_vectors",2,5.08800985038707e-06,0,0,0,0
"TopN_Outlier_Pruning_Block_UNSORTED","ball1","average","sort_block_scores_descending",14,3.56160689527095e-05,0,0,0,0
"TopN_Outlier_Pruning_Block_UNSORTED","ball1","average","test",1,2.54400492519354e-06,0,0,0,0
"TopN_Outlier_Pruning_Block_UNSORTED","ball1","average","top_n_outlier_pruning_block",1,2.54400492519354e-06,0.00666666666666667,0.0198019801980196,1.96333333333333,0.0196169858451291
"TopN_Outlier_Pruning_Block_NO_BLOCKING","connect4","average","add_neighbour",86517048,0.49999755251747,1.4,0.00953180673127113,0.953333333333333,0.00952507826550323
"TopN_Outlier_Pruning_Block_NO_BLOCKING","connect4","average","best_outliers",421,2.43303458076673e-06,0.0266666666666667,0.000181558223452783,0.0166666666666667,0.000166522347299008
"TopN_Outlier_Pruning_Block_NO_BLOCKING","connect4","average","distance_squared",86517048,0.49999755251747,144.3,0.982456936658875,98.3366666666667,0.982515153533604
"TopN_Outlier_Pruning_Block_NO_BLOCKING","connect4","average","merge",421,2.43303458076673e-06,0,0,0,0
"TopN_Outlier_Pruning_Block_NO_BLOCKING","connect4","average","read_vardump",1,5.77917952676183e-09,0,0,0,0
"TopN_Outlier_Pruning_Block_NO_BLOCKING","connect4","average","set_num_vectors",2,1.15583590535237e-08,0.08,0.00054467467035835,0.0533333333333333,0.000532871511356824
"TopN_Outlier_Pruning_Block_NO_BLOCKING","connect4","average","test",1,5.77917952676183e-09,0,0,0,0
"TopN_Outlier_Pruning_Block_NO_BLOCKING","connect4","average","top_n_outlier_pruning_block",1,5.77917952676183e-09,1.07,0.00728502371604294,0.726666666666667,0.00726037434223673
"TopN_Outlier_Pruning_Block_SORTED","connect4","average","add_neighbour",88996023,0.499985752578309,1.10666666666667,0.00631971675486352,0.633333333333333,0.00632805995004163
"TopN_Outlier_Pruning_Block_SORTED","connect4","average","best_outliers",1689,9.4889176801166e-06,0.0233333333333333,0.000133247040012183,0.0133333333333333,0.000133222314737719
"TopN_Outlier_Pruning_Block_SORTED","connect4","average","distance_squared",88996023,0.499985752578309,145.746666666667,0.832299082498953,83.3,0.832306411323897
"TopN_Outlier_Pruning_Block_SORTED","connect4","average","merge",1689,9.4889176801166e-06,0,0,0,0
"TopN_Outlier_Pruning_Block_SORTED","connect4","average","read_vardump",1,5.61806849029994e-09,0,0,0,0
"TopN_Outlier_Pruning_Block_SORTED","connect4","average","set_num_vectors",2,1.12361369805999e-08,0.0666666666666667,0.000380705828606236,0.0366666666666667,0.000366361365528726
"TopN_Outlier_Pruning_Block_SORTED","connect4","average","sort_block_scores_descending",1689,9.4889176801166e-06,0.00333333333333333,1.90352914303118e-05,0,0
"TopN_Outlier_Pruning_Block_SORTED","connect4","average","test",1,5.61806849029994e-09,0,0,0,0
"TopN_Outlier_Pruning_Block_SORTED","connect4","average","top_n_outlier_pruning_block",1,5.61806849029994e-09,28.1666666666667,0.160848212586135,16.1,0.160865945045795
"TopN_Outlier_Pruning_Block_UNSORTED","connect4","average","add_neighbour",88996023,0.499985752578309,9.52,0.0518377348216717,5.18666666666667,0.0518234804329725
"TopN_Outlier_Pruning_Block_UNSORTED","connect4","average","best_outliers",1689,9.4889176801166e-06,0.00333333333333333,1.81504673745349e-05,0.00333333333333333,3.33055786844296e-05
"TopN_Outlier_Pruning_Block_UNSORTED","connect4","average","distance_squared",88996023,0.499985752578309,145.983333333333,0.794899718667756,79.5566666666667,0.794904246461282
"TopN_Outlier_Pruning_Block_UNSORTED","connect4","average","merge",1689,9.4889176801166e-06,0,0,0,0
"TopN_Outlier_Pruning_Block_UNSORTED","connect4","average","read_vardump",1,5.61806849029994e-09,0,0,0,0
"TopN_Outlier_Pruning_Block_UNSORTED","connect4","average","set_num_vectors",2,1.12361369805999e-08,0.0766666666666667,0.000417460749614303,0.04,0.000399666944213156
"TopN_Outlier_Pruning_Block_UNSORTED","connect4","average","sort_block_scores_descending",1689,9.4889176801166e-06,0,0,0,0
"TopN_Outlier_Pruning_Block_UNSORTED","connect4","average","test",1,5.61806849029994e-09,0,0,0,0
"TopN_Outlier_Pruning_Block_UNSORTED","connect4","average","top_n_outlier_pruning_block",1,5.61806849029994e-09,28.0666666666667,0.152826935293584,15.2966666666667,0.152839300582848
"TopN_Outlier_Pruning_Block_NO_BLOCKING","letter-recognition","average","add_neighbour",19320227,0.499991653964086,0.36,0.0110576430838538,1.10333333333333,0.0110234122622973
"TopN_Outlier_Pruning_Block_NO_BLOCKING","letter-recognition","average","best_outliers",320,8.28133796091048e-06,0.00333333333333333,0.000102385584109757,0.00666666666666667,6.66067206181104e-05
"TopN_Outlier_Pruning_Block_NO_BLOCKING","letter-recognition","average","distance_squared",19320227,0.499991653964086,31.9133333333333,0.980239582266817,98.12,0.980317714057348
"TopN_Outlier_Pruning_Block_NO_BLOCKING","letter-recognition","average","merge",320,8.28133796091048e-06,0,0,0,0
"TopN_Outlier_Pruning_Block_NO_BLOCKING","letter-recognition","average","read_vardump",1,2.58791811278453e-08,0,0,0,0
"TopN_Outlier_Pruning_Block_NO_BLOCKING","letter-recognition","average","set_num_vectors",2,5.17583622556905e-08,0.00666666666666667,0.000204771168219515,0.02,0.000199820161854331
"TopN_Outlier_Pruning_Block_NO_BLOCKING","letter-recognition","average","test",1,2.58791811278453e-08,0,0,0,0
"TopN_Outlier_Pruning_Block_NO_BLOCKING","letter-recognition","average","top_n_outlier_pruning_block",1,2.58791811278453e-08,0.273333333333333,0.0083956178970001,0.84,0.00839244679788191
"TopN_Outlier_Pruning_Block_SORTED","letter-recognition","average","add_neighbour",19796680,0.499980995010338,0.32,0.00906772456786625,0.9,0.00899310528594744
"TopN_Outlier_Pruning_Block_SORTED","letter-recognition","average","best_outliers",500,1.26279001077539e-05,0.00666666666666667,0.000188910928497214,0.00666666666666667,6.66155947107218e-05
"TopN_Outlier_Pruning_Block_SORTED","letter-recognition","average","distance_squared",19796680,0.499980995010338,32.2566666666667,0.914045527533768,91.4866666666667,0.914165806215235
"TopN_Outlier_Pruning_Block_SORTED","letter-recognition","average","merge",500,1.26279001077539e-05,0,0,0,0
"TopN_Outlier_Pruning_Block_SORTED","letter-recognition","average","read_vardump",1,2.52558002155077e-08,0,0,0,0
"TopN_Outlier_Pruning_Block_SORTED","letter-recognition","average","set_num_vectors",2,5.05116004310155e-08,0.02,0.000566732785491641,0.0566666666666667,0.000566232555041135
"TopN_Outlier_Pruning_Block_SORTED","letter-recognition","average","sort_block_scores_descending",500,1.26279001077539e-05,0.00333333333333333,9.44554642486068e-05,0.01,9.99233920660827e-05
"TopN_Outlier_Pruning_Block_SORTED","letter-recognition","average","test",1,2.52558002155077e-08,0,0,0,0
"TopN_Outlier_Pruning_Block_SORTED","letter-recognition","average","top_n_outlier_pruning_block",1,2.52558002155077e-08,2.68333333333333,0.0760366487201284,7.61666666666667,0.0761083169569996
"TopN_Outlier_Pruning_Block_UNSORTED","letter-recognition","average","add_neighbour",19796680,0.499980995010338,2.21666666666667,0.0593167424850593,5.94,0.0593564719205916
"TopN_Outlier_Pruning_Block_UNSORTED","letter-recognition","average","best_outliers",500,1.26279001077539e-05,0,0,0,0
"TopN_Outlier_Pruning_Block_UNSORTED","letter-recognition","average","distance_squared",19796680,0.499980995010338,32.4566666666667,0.868521987333868,86.91,0.86846312704017
"TopN_Outlier_Pruning_Block_UNSORTED","letter-recognition","average","merge",500,1.26279001077539e-05,0,0,0,0
"TopN_Outlier_Pruning_Block_UNSORTED","letter-recognition","average","read_vardump",1,2.52558002155077e-08,0,0,0,0
"TopN_Outlier_Pruning_Block_UNSORTED","letter-recognition","average","set_num_vectors",2,5.05116004310155e-08,0.03,0.000802782981000803,0.0766666666666667,0.000766104856438612
"TopN_Outlier_Pruning_Block_UNSORTED","letter-recognition","average","sort_block_scores_descending",500,1.26279001077539e-05,0,0,0,0
"TopN_Outlier_Pruning_Block_UNSORTED","letter-recognition","average","test",1,2.52558002155077e-08,0,0,0,0
"TopN_Outlier_Pruning_Block_UNSORTED","letter-recognition","average","top_n_outlier_pruning_block",1,2.52558002155077e-08,2.66666666666667,0.0713584872000713,7.14666666666667,0.0714142961827993
"TopN_Outlier_Pruning_Block_NO_BLOCKING","magicgamma","average","add_neighbour",8011207,0.499978250166275,0.143333333333333,0.010521164668461,1.03,0.0102903956307446
"TopN_Outlier_Pruning_Block_NO_BLOCKING","magicgamma","average","best_outliers",346,2.15938090923791e-05,0.01,0.000734034744311231,0.05,0.00049953376848275
"TopN_Outlier_Pruning_Block_NO_BLOCKING","magicgamma","average","distance_squared",8011207,0.499978250166275,13.36,0.980670418399804,98.2033333333333,0.981117623551352
"TopN_Outlier_Pruning_Block_NO_BLOCKING","magicgamma","average","merge",346,2.15938090923791e-05,0.00333333333333333,0.000244678248103744,0.0233333333333333,0.000233115758625283
"TopN_Outlier_Pruning_Block_NO_BLOCKING","magicgamma","average","read_vardump",1,6.24098528681478e-08,0,0,0,0
"TopN_Outlier_Pruning_Block_NO_BLOCKING","magicgamma","average","set_num_vectors",2,1.24819705736296e-07,0.00333333333333333,0.000244678248103744,0.0233333333333333,0.000233115758625283
"TopN_Outlier_Pruning_Block_NO_BLOCKING","magicgamma","average","test",1,6.24098528681478e-08,0,0,0,0
"TopN_Outlier_Pruning_Block_NO_BLOCKING","magicgamma","average","top_n_outlier_pruning_block",1,6.24098528681478e-08,0.103333333333333,0.00758502569121605,0.763333333333333,0.00762621553216998
"TopN_Outlier_Pruning_Block_SORTED","magicgamma","average","add_neighbour",8427444,0.499957493690349,0.153333333333333,0.00946112710818593,0.936666666666667,0.0093591793232081
"TopN_Outlier_Pruning_Block_SORTED","magicgamma","average","best_outliers",476,2.8238664890162e-05,0.00333333333333333,0.000205676676264912,0.01,9.99200639488409e-05
"TopN_Outlier_Pruning_Block_SORTED","magicgamma","average","distance_squared",8427444,0.499957493690349,13.7666666666667,0.849444672974085,85.02,0.849520383693045
"TopN_Outlier_Pruning_Block_SORTED","magicgamma","average","merge",476,2.8238664890162e-05,0,0,0,0
"TopN_Outlier_Pruning_Block_SORTED","magicgamma","average","read_vardump",1,5.93249262398361e-08,0,0,0,0
"TopN_Outlier_Pruning_Block_SORTED","magicgamma","average","set_num_vectors",2,1.18649852479672e-07,0.01,0.000617030028794734,0.06,0.000599520383693046
"TopN_Outlier_Pruning_Block_SORTED","magicgamma","average","sort_block_scores_descending",476,2.8238664890162e-05,0,0,0,0
"TopN_Outlier_Pruning_Block_SORTED","magicgamma","average","test",1,5.93249262398361e-08,0,0,0,0
"TopN_Outlier_Pruning_Block_SORTED","magicgamma","average","top_n_outlier_pruning_block",1,5.93249262398361e-08,2.27333333333333,0.14027149321267,14.0533333333333,0.140420996536104
"TopN_Outlier_Pruning_Block_UNSORTED","magicgamma","average","add_neighbour",8427444,0.499957493690349,0.88,0.0519889720362347,5.20666666666667,0.0520250466293632
"TopN_Outlier_Pruning_Block_UNSORTED","magicgamma","average","best_outliers",476,2.8238664890162e-05,0,0,0,0
"TopN_Outlier_Pruning_Block_UNSORTED","magicgamma","average","distance_squared",8427444,0.499957493690349,13.7966666666667,0.815084679007483,81.5633333333333,0.81498134825473
"TopN_Outlier_Pruning_Block_UNSORTED","magicgamma","average","merge",476,2.8238664890162e-05,0,0,0,0
"TopN_Outlier_Pruning_Block_UNSORTED","magicgamma","average","read_vardump",1,5.93249262398361e-08,0,0,0,0
"TopN_Outlier_Pruning_Block_UNSORTED","magicgamma","average","set_num_vectors",2,1.18649852479672e-07,0.00333333333333333,0.000196927924379677,0.02,0.000199840127897682
"TopN_Outlier_Pruning_Block_UNSORTED","magicgamma","average","sort_block_scores_descending",476,2.8238664890162e-05,0,0,0,0
"TopN_Outlier_Pruning_Block_UNSORTED","magicgamma","average","test",1,5.93249262398361e-08,0,0,0,0
"TopN_Outlier_Pruning_Block_UNSORTED","magicgamma","average","top_n_outlier_pruning_block",1,5.93249262398361e-08,2.24666666666667,0.132729421031902,13.29,0.13279376498801
"TopN_Outlier_Pruning_Block_NO_BLOCKING","mesh_network","average","add_neighbour",641730,0.499827479178723,0.01,0.0092879256965944,0.933333333333333,0.00932400932400932
"TopN_Outlier_Pruning_Block_NO_BLOCKING","mesh_network","average","best_outliers",219,0.000170573633677934,0,0,0,0
"TopN_Outlier_Pruning_Block_NO_BLOCKING","mesh_network","average","distance_squared",641730,0.499827479178723,1.06666666666667,0.990712074303403,99.1666666666667,0.990675990675991
"TopN_Outlier_Pruning_Block_NO_BLOCKING","mesh_network","average","merge",219,0.000170573633677934,0,0,0,0
"TopN_Outlier_Pruning_Block_NO_BLOCKING","mesh_network","average","read_vardump",1,7.78875039625268e-07,0,0,0,0
"TopN_Outlier_Pruning_Block_NO_BLOCKING","mesh_network","average","set_num_vectors",2,1.55775007925054e-06,0,0,0,0
"TopN_Outlier_Pruning_Block_NO_BLOCKING","mesh_network","average","test",1,7.78875039625268e-07,0,0,0,0
"TopN_Outlier_Pruning_Block_NO_BLOCKING","mesh_network","average","top_n_outlier_pruning_block",1,7.78875039625268e-07,0,0,0,0
"TopN_Outlier_Pruning_Block_SORTED","mesh_network","average","add_neighbour",661626,0.499964106164143,0.0133333333333333,0.0121580547112462,1.21333333333333,0.0121236344257927
"TopN_Outlier_Pruning_Block_SORTED","mesh_network","average","best_outliers",30,2.26697910676489e-05,0,0,0,0
"TopN_Outlier_Pruning_Block_SORTED","mesh_network","average","distance_squared",661626,0.499964106164143,1.06,0.96656534954407,96.7366666666667,0.966593391953104
"TopN_Outlier_Pruning_Block_SORTED","mesh_network","average","merge",30,2.26697910676489e-05,0,0,0,0
"TopN_Outlier_Pruning_Block_SORTED","mesh_network","average","read_vardump",1,7.55659702254964e-07,0,0,0,0
"TopN_Outlier_Pruning_Block_SORTED","mesh_network","average","set_num_vectors",2,1.51131940450993e-06,0,0,0,0
"TopN_Outlier_Pruning_Block_SORTED","mesh_network","average","sort_block_scores_descending",30,2.26697910676489e-05,0,0,0,0
"TopN_Outlier_Pruning_Block_SORTED","mesh_network","average","test",1,7.55659702254964e-07,0,0,0,0
"TopN_Outlier_Pruning_Block_SORTED","mesh_network","average","top_n_outlier_pruning_block",1,7.55659702254964e-07,0.0233333333333333,0.0212765957446808,2.13,0.0212829736211031
"TopN_Outlier_Pruning_Block_UNSORTED","mesh_network","average","add_neighbour",661626,0.499964106164143,0.0833333333333333,0.0714285714285712,7.15333333333333,0.0714761524114042
"TopN_Outlier_Pruning_Block_UNSORTED","mesh_network","average","best_outliers",30,2.26697910676489e-05,0,0,0,0
"TopN_Outlier_Pruning_Block_UNSORTED","mesh_network","average","distance_squared",661626,0.499964106164143,1.06333333333333,0.911428571428569,91.2166666666667,0.911437516653344
"TopN_Outlier_Pruning_Block_UNSORTED","mesh_network","average","merge",30,2.26697910676489e-05,0,0,0,0
"TopN_Outlier_Pruning_Block_UNSORTED","mesh_network","average","read_vardump",1,7.55659702254964e-07,0,0,0,0
"TopN_Outlier_Pruning_Block_UNSORTED","mesh_network","average","set_num_vectors",2,1.51131940450993e-06,0,0,0,0
"TopN_Outlier_Pruning_Block_UNSORTED","mesh_network","average","sort_block_scores_descending",30,2.26697910676489e-05,0,0,0,0
"TopN_Outlier_Pruning_Block_UNSORTED","mesh_network","average","test",1,7.55659702254964e-07,0,0,0,0
"TopN_Outlier_Pruning_Block_UNSORTED","mesh_network","average","top_n_outlier_pruning_block",1,7.55659702254964e-07,0.02,0.0171428571428571,1.71,0.0170863309352518
"TopN_Outlier_Pruning_Block_NO_BLOCKING","musk","average","add_neighbour",8088888,0.499983280090259,0.17,0.012457254518808,1.23333333333333,0.0123218329559078
"TopN_Outlier_Pruning_Block_NO_BLOCKING","musk","average","best_outliers",268,1.6565381924461e-05,0.00333333333333333,0.000244259892525647,0.0133333333333333,0.000133209004928733
"TopN_Outlier_Pruning_Block_NO_BLOCKING","musk","average","distance_squared",8088888,0.499983280090259,13.3933333333333,0.981436248168051,98.26,0.981683761822299
"TopN_Outlier_Pruning_Block_NO_BLOCKING","musk","average","merge",268,1.6565381924461e-05,0,0,0,0
"TopN_Outlier_Pruning_Block_NO_BLOCKING","musk","average","read_vardump",1,6.18111265838097e-08,0,0,0,0
"TopN_Outlier_Pruning_Block_NO_BLOCKING","musk","average","set_num_vectors",2,1.23622253167619e-07,0,0,0,0
"TopN_Outlier_Pruning_Block_NO_BLOCKING","musk","average","test",1,6.18111265838097e-08,0,0,0,0
"TopN_Outlier_Pruning_Block_NO_BLOCKING","musk","average","top_n_outlier_pruning_block",1,6.18111265838097e-08,0.08,0.00586223742061553,0.586666666666667,0.00586119621686426
"TopN_Outlier_Pruning_Block_SORTED","musk","average","add_neighbour",8259302,0.49998486600726,0.17,0.0121718377088305,1.19333333333333,0.0119233971690258
"TopN_Outlier_Pruning_Block_SORTED","musk","average","best_outliers",165,9.98843520810814e-06,0.01,0.00071599045346062,0.05,0.000499583680266445
"TopN_Outlier_Pruning_Block_SORTED","musk","average","distance_squared",8259302,0.49998486600726,13.4666666666667,0.964200477326969,96.5433333333333,0.964629475437136
"TopN_Outlier_Pruning_Block_SORTED","musk","average","merge",165,9.98843520810814e-06,0,0,0,0
"TopN_Outlier_Pruning_Block_SORTED","musk","average","read_vardump",1,6.05359709582311e-08,0,0,0,0
"TopN_Outlier_Pruning_Block_SORTED","musk","average","set_num_vectors",2,1.21071941916462e-07,0.00666666666666667,0.000477326968973747,0.0466666666666667,0.000466278101582015
"TopN_Outlier_Pruning_Block_SORTED","musk","average","sort_block_scores_descending",165,9.98843520810814e-06,0,0,0,0
"TopN_Outlier_Pruning_Block_SORTED","musk","average","test",1,6.05359709582311e-08,0,0,0,0
"TopN_Outlier_Pruning_Block_SORTED","musk","average","top_n_outlier_pruning_block",1,6.05359709582311e-08,0.313333333333333,0.0224343675417661,2.25,0.02248126561199
"TopN_Outlier_Pruning_Block_UNSORTED","musk","average","add_neighbour",8259302,0.49998486600726,1.01,0.0678004027746699,6.79333333333333,0.0678722483098545
"TopN_Outlier_Pruning_Block_UNSORTED","musk","average","best_outliers",165,9.98843520810814e-06,0,0,0,0
"TopN_Outlier_Pruning_Block_UNSORTED","musk","average","distance_squared",8259302,0.49998486600726,13.42,0.900872678451555,90.1533333333333,0.900722682918706
"TopN_Outlier_Pruning_Block_UNSORTED","musk","average","merge",165,9.98843520810814e-06,0,0,0,0
"TopN_Outlier_Pruning_Block_UNSORTED","musk","average","read_vardump",1,6.05359709582311e-08,0,0,0,0
"TopN_Outlier_Pruning_Block_UNSORTED","musk","average","set_num_vectors",2,1.21071941916462e-07,0.00666666666666667,0.000447527411053927,0.0466666666666667,0.000466247044326773
"TopN_Outlier_Pruning_Block_UNSORTED","musk","average","sort_block_scores_descending",165,9.98843520810814e-06,0,0,0,0
"TopN_Outlier_Pruning_Block_UNSORTED","musk","average","test",1,6.05359709582311e-08,0,0,0,0
"TopN_Outlier_Pruning_Block_UNSORTED","musk","average","top_n_outlier_pruning_block",1,6.05359709582311e-08,0.46,0.030879391362721,3.09666666666667,0.0309388217271123
"TopN_Outlier_Pruning_Block_NO_BLOCKING","pendigits","average","add_neighbour",4835925,0.499968932383323,0.09,0.010948905109489,1.1,0.0109893769356289
"TopN_Outlier_Pruning_Block_NO_BLOCKING","pendigits","average","best_outliers",298,3.08091506485791e-05,0,0,0,0
"TopN_Outlier_Pruning_Block_NO_BLOCKING","pendigits","average","distance_squared",4835925,0.499968932383323,8.08333333333333,0.983373884833739,98.4266666666667,0.983316127743181
"TopN_Outlier_Pruning_Block_NO_BLOCKING","pendigits","average","merge",298,3.08091506485791e-05,0,0,0,0
"TopN_Outlier_Pruning_Block_NO_BLOCKING","pendigits","average","read_vardump",1,1.03386411572413e-07,0,0,0,0
"TopN_Outlier_Pruning_Block_NO_BLOCKING","pendigits","average","set_num_vectors",2,2.06772823144826e-07,0,0,0,0
"TopN_Outlier_Pruning_Block_NO_BLOCKING","pendigits","average","test",1,1.03386411572413e-07,0,0,0,0
"TopN_Outlier_Pruning_Block_NO_BLOCKING","pendigits","average","top_n_outlier_pruning_block",1,1.03386411572413e-07,0.0466666666666667,0.0056772100567721,0.57,0.00569449532118952
"TopN_Outlier_Pruning_Block_SORTED","pendigits","average","add_neighbour",5075808,0.499959123151209,0.0933333333333333,0.0101449275362319,1.00333333333333,0.010025313082867
"TopN_Outlier_Pruning_Block_SORTED","pendigits","average","best_outliers",275,2.70870684759121e-05,0.00333333333333333,0.00036231884057971,0.0166666666666667,0.000166533439914735
"TopN_Outlier_Pruning_Block_SORTED","pendigits","average","distance_squared",5075808,0.499959123151209,8.38,0.910869565217391,91.18,0.911071143085531
"TopN_Outlier_Pruning_Block_SORTED","pendigits","average","merge",275,2.70870684759121e-05,0.00333333333333333,0.00036231884057971,0.0366666666666667,0.000366373567812417
"TopN_Outlier_Pruning_Block_SORTED","pendigits","average","read_vardump",1,9.84984308214986e-08,0,0,0,0
"TopN_Outlier_Pruning_Block_SORTED","pendigits","average","set_num_vectors",2,1.96996861642997e-07,0.00333333333333333,0.00036231884057971,0.0366666666666667,0.000366373567812417
"TopN_Outlier_Pruning_Block_SORTED","pendigits","average","sort_block_scores_descending",275,2.70870684759121e-05,0,0,0,0
"TopN_Outlier_Pruning_Block_SORTED","pendigits","average","test",1,9.84984308214986e-08,0,0,0,0
"TopN_Outlier_Pruning_Block_SORTED","pendigits","average","top_n_outlier_pruning_block",1,9.84984308214986e-08,0.716666666666667,0.0778985507246376,7.80666666666667,0.0780042632560618
"TopN_Outlier_Pruning_Block_UNSORTED","pendigits","average","add_neighbour",5075808,0.499959123151209,0.596666666666667,0.0615966964900206,6.17333333333333,0.0616819317235637
"TopN_Outlier_Pruning_Block_UNSORTED","pendigits","average","best_outliers",275,2.70870684759121e-05,0,0,0,0
"TopN_Outlier_Pruning_Block_UNSORTED","pendigits","average","distance_squared",5075808,0.499959123151209,8.28666666666667,0.855471438403303,85.6,0.855287260616153
"TopN_Outlier_Pruning_Block_UNSORTED","pendigits","average","merge",275,2.70870684759121e-05,0,0,0,0
"TopN_Outlier_Pruning_Block_UNSORTED","pendigits","average","read_vardump",1,9.84984308214986e-08,0,0,0,0
"TopN_Outlier_Pruning_Block_UNSORTED","pendigits","average","set_num_vectors",2,1.96996861642997e-07,0,0,0,0
"TopN_Outlier_Pruning_Block_UNSORTED","pendigits","average","sort_block_scores_descending",275,2.70870684759121e-05,0,0,0,0
"TopN_Outlier_Pruning_Block_UNSORTED","pendigits","average","test",1,9.84984308214986e-08,0,0,0,0
"TopN_Outlier_Pruning_Block_UNSORTED","pendigits","average","top_n_outlier_pruning_block",1,9.84984308214986e-08,0.803333333333333,0.0829318651066758,8.31,0.0830308076602831
"TopN_Outlier_Pruning_Block_NO_BLOCKING","runningex10k","average","add_neighbour",40576504,0.499996297145577,0.65,0.00944127045608599,0.943333333333333,0.00942516485712382
"TopN_Outlier_Pruning_Block_NO_BLOCKING","runningex10k","average","best_outliers",298,3.67204864542746e-06,0.0133333333333333,0.000193667086278687,0.0133333333333333,0.000133217877839206
"TopN_Outlier_Pruning_Block_NO_BLOCKING","runningex10k","average","distance_squared",40576504,0.499996297145577,67.6066666666667,0.981988960976082,98.2933333333333,0.982082195430627
"TopN_Outlier_Pruning_Block_NO_BLOCKING","runningex10k","average","merge",298,3.67204864542746e-06,0,0,0,0
"TopN_Outlier_Pruning_Block_NO_BLOCKING","runningex10k","average","read_vardump",1,1.23223108906962e-08,0,0,0,0
"TopN_Outlier_Pruning_Block_NO_BLOCKING","runningex10k","average","set_num_vectors",2,2.46446217813924e-08,0.0366666666666667,0.000532584487266389,0.05,0.000499567041897023
"TopN_Outlier_Pruning_Block_NO_BLOCKING","runningex10k","average","test",1,1.23223108906962e-08,0,0,0,0
"TopN_Outlier_Pruning_Block_NO_BLOCKING","runningex10k","average","top_n_outlier_pruning_block",1,1.23223108906962e-08,0.54,0.00784351699428682,0.786666666666667,0.00785985479251315
"TopN_Outlier_Pruning_Block_SORTED","runningex10k","average","add_neighbour",40761618,0.499995369461242,0.666666666666667,0.00983574309039048,0.98,0.0097924924224761
"TopN_Outlier_Pruning_Block_SORTED","runningex10k","average","best_outliers",250,3.06658195867766e-06,0.01,0.000147536146355857,0.01,9.99233920660827e-05
"TopN_Outlier_Pruning_Block_SORTED","runningex10k","average","distance_squared",40761618,0.499995369461242,66.1266666666667,0.975607357135832,97.6433333333333,0.975685307930586
"TopN_Outlier_Pruning_Block_SORTED","runningex10k","average","merge",250,3.06658195867766e-06,0,0,0,0
"TopN_Outlier_Pruning_Block_SORTED","runningex10k","average","read_vardump",1,1.22663278347106e-08,0,0,0,0
"TopN_Outlier_Pruning_Block_SORTED","runningex10k","average","set_num_vectors",2,2.45326556694213e-08,0.0366666666666667,0.000540965869971476,0.0533333333333333,0.000532924757685774
"TopN_Outlier_Pruning_Block_SORTED","runningex10k","average","sort_block_scores_descending",250,3.06658195867766e-06,0,0,0,0
"TopN_Outlier_Pruning_Block_SORTED","runningex10k","average","test",1,1.22663278347106e-08,0,0,0,0
"TopN_Outlier_Pruning_Block_SORTED","runningex10k","average","top_n_outlier_pruning_block",1,1.22663278347106e-08,0.94,0.0138683977574506,1.39,0.0138893514971855
"TopN_Outlier_Pruning_Block_UNSORTED","runningex10k","average","add_neighbour",40761618,0.499995369461242,5.40666666666667,0.0742639989011492,7.43666666666667,0.0743072208899547
"TopN_Outlier_Pruning_Block_UNSORTED","runningex10k","average","best_outliers",250,3.06658195867766e-06,0,0,0,0
"TopN_Outlier_Pruning_Block_UNSORTED","runningex10k","average","distance_squared",40761618,0.499995369461242,66.2433333333333,0.909894235611923,91.0566666666667,0.909838795630163
"TopN_Outlier_Pruning_Block_UNSORTED","runningex10k","average","merge",250,3.06658195867766e-06,0,0,0,0
"TopN_Outlier_Pruning_Block_UNSORTED","runningex10k","average","read_vardump",1,1.22663278347106e-08,0,0,0,0
"TopN_Outlier_Pruning_Block_UNSORTED","runningex10k","average","set_num_vectors",2,2.45326556694213e-08,0.0366666666666667,0.000503639943226043,0.05,0.000499600319744205
"TopN_Outlier_Pruning_Block_UNSORTED","runningex10k","average","sort_block_scores_descending",250,3.06658195867766e-06,0,0,0,0
"TopN_Outlier_Pruning_Block_UNSORTED","runningex10k","average","test",1,1.22663278347106e-08,0,0,0,0
"TopN_Outlier_Pruning_Block_UNSORTED","runningex10k","average","top_n_outlier_pruning_block",1,1.22663278347106e-08,1.11666666666667,0.0153381255437022,1.53666666666667,0.0153543831601386
"TopN_Outlier_Pruning_Block_NO_BLOCKING","runningex1k","average","add_neighbour",560749,0.499829304534082,0.00666666666666667,0.00716845878136198,0.713333333333333,0.00712668176368723
"TopN_Outlier_Pruning_Block_NO_BLOCKING","runningex1k","average","best_outliers",189,0.000168467065580039,0,0,0,0
"TopN_Outlier_Pruning_Block_NO_BLOCKING","runningex1k","average","distance_squared",560749,0.499829304534082,0.916666666666667,0.985663082437272,98.6566666666667,0.985646729718929
"TopN_Outlier_Pruning_Block_NO_BLOCKING","runningex1k","average","merge",189,0.000168467065580039,0,0,0,0
"TopN_Outlier_Pruning_Block_NO_BLOCKING","runningex1k","average","read_vardump",1,8.91360135344123e-07,0,0,0,0
"TopN_Outlier_Pruning_Block_NO_BLOCKING","runningex1k","average","set_num_vectors",2,1.78272027068825e-06,0,0,0,0
"TopN_Outlier_Pruning_Block_NO_BLOCKING","runningex1k","average","test",1,8.91360135344123e-07,0,0,0,0
"TopN_Outlier_Pruning_Block_NO_BLOCKING","runningex1k","average","top_n_outlier_pruning_block",1,8.91360135344123e-07,0.00666666666666667,0.00716845878136198,0.723333333333333,0.00722658851738378
"TopN_Outlier_Pruning_Block_SORTED","runningex1k","average","add_neighbour",578806,0.4999654484958,0.00333333333333333,0.00344827586206895,0.34,0.00339728217426059
"TopN_Outlier_Pruning_Block_SORTED","runningex1k","average","best_outliers",25,2.15946901248346e-05,0,0,0,0
"TopN_Outlier_Pruning_Block_SORTED","runningex1k","average","distance_squared",578806,0.4999654484958,0.953333333333333,0.986206896551721,98.7066666666667,0.986277644551026
"TopN_Outlier_Pruning_Block_SORTED","runningex1k","average","merge",25,2.15946901248346e-05,0,0,0,0
"TopN_Outlier_Pruning_Block_SORTED","runningex1k","average","read_vardump",1,8.63787604993383e-07,0,0,0,0
"TopN_Outlier_Pruning_Block_SORTED","runningex1k","average","set_num_vectors",2,1.72757520998677e-06,0,0,0,0
"TopN_Outlier_Pruning_Block_SORTED","runningex1k","average","sort_block_scores_descending",25,2.15946901248346e-05,0,0,0,0
"TopN_Outlier_Pruning_Block_SORTED","runningex1k","average","test",1,8.63787604993383e-07,0,0,0,0
"TopN_Outlier_Pruning_Block_SORTED","runningex1k","average","top_n_outlier_pruning_block",1,8.63787604993383e-07,0.01,0.0103448275862069,1.03333333333333,0.0103250732747136
"TopN_Outlier_Pruning_Block_UNSORTED","runningex1k","average","add_neighbour",578806,0.4999654484958,0.04,0.0393442622950818,3.94666666666667,0.0394338051623647
"TopN_Outlier_Pruning_Block_UNSORTED","runningex1k","average","best_outliers",25,2.15946901248346e-05,0,0,0,0
"TopN_Outlier_Pruning_Block_UNSORTED","runningex1k","average","distance_squared",578806,0.4999654484958,0.956666666666667,0.940983606557374,94.1733333333333,0.940949208992506
"TopN_Outlier_Pruning_Block_UNSORTED","runningex1k","average","merge",25,2.15946901248346e-05,0,0,0,0
"TopN_Outlier_Pruning_Block_UNSORTED","runningex1k","average","read_vardump",1,8.63787604993383e-07,0,0,0,0
"TopN_Outlier_Pruning_Block_UNSORTED","runningex1k","average","set_num_vectors",2,1.72757520998677e-06,0,0,0,0
"TopN_Outlier_Pruning_Block_UNSORTED","runningex1k","average","sort_block_scores_descending",25,2.15946901248346e-05,0,0,0,0
"TopN_Outlier_Pruning_Block_UNSORTED","runningex1k","average","test",1,8.63787604993383e-07,0,0,0,0
"TopN_Outlier_Pruning_Block_UNSORTED","runningex1k","average","top_n_outlier_pruning_block",1,8.63787604993383e-07,0.02,0.0196721311475409,1.96333333333333,0.0196169858451291
"TopN_Outlier_Pruning_Block_NO_BLOCKING","runningex20k","average","add_neighbour",170986803,0.499998744058273,2.35666666666667,0.00813139038724741,0.816666666666667,0.00815932327571852
"TopN_Outlier_Pruning_Block_NO_BLOCKING","runningex20k","average","best_outliers",427,1.24863123917746e-06,0.04,0.000138015112654836,0.0133333333333333,0.000133213441236221
"TopN_Outlier_Pruning_Block_NO_BLOCKING","runningex20k","average","distance_squared",170986803,0.499998744058273,285.26,0.984254775897961,98.5166666666667,0.984280813934126
"TopN_Outlier_Pruning_Block_NO_BLOCKING","runningex20k","average","merge",427,1.24863123917746e-06,0,0,0,0
"TopN_Outlier_Pruning_Block_NO_BLOCKING","runningex20k","average","read_vardump",1,2.92419493952567e-09,0,0,0,0
"TopN_Outlier_Pruning_Block_NO_BLOCKING","runningex20k","average","set_num_vectors",2,5.84838987905135e-09,0.13,0.000448549116128216,0.0433333333333333,0.000432943684017717
"TopN_Outlier_Pruning_Block_NO_BLOCKING","runningex20k","average","test",1,2.92419493952567e-09,0,0,0,0
"TopN_Outlier_Pruning_Block_NO_BLOCKING","runningex20k","average","top_n_outlier_pruning_block",1,2.92419493952567e-09,2.03666666666667,0.00702726948600872,0.7,0.00699370566490159
"TopN_Outlier_Pruning_Block_SORTED","runningex20k","average","add_neighbour",171381493,0.499997804615064,2.62333333333333,0.00921071110903048,0.923333333333333,0.00922625986743497
"TopN_Outlier_Pruning_Block_SORTED","runningex20k","average","best_outliers",500,1.45872753196013e-06,0.0533333333333333,0.000187257150882449,0.0166666666666667,0.000166538986776805
"TopN_Outlier_Pruning_Block_SORTED","runningex20k","average","distance_squared",171381493,0.499997804615064,277.673333333333,0.974930948925612,97.57,0.974952536388769
"TopN_Outlier_Pruning_Block_SORTED","runningex20k","average","merge",500,1.45872753196013e-06,0,0,0,0
"TopN_Outlier_Pruning_Block_SORTED","runningex20k","average","read_vardump",1,2.91745506392026e-09,0,0,0,0
"TopN_Outlier_Pruning_Block_SORTED","runningex20k","average","set_num_vectors",2,5.83491012784052e-09,0.163333333333333,0.000573475024577501,0.0566666666666667,0.000566232555041135
"TopN_Outlier_Pruning_Block_SORTED","runningex20k","average","sort_block_scores_descending",500,1.45872753196013e-06,0,0,0,0
"TopN_Outlier_Pruning_Block_SORTED","runningex20k","average","test",1,2.91745506392026e-09,0,0,0,0
"TopN_Outlier_Pruning_Block_SORTED","runningex20k","average","top_n_outlier_pruning_block",1,2.91745506392026e-09,4.3,0.0150976077898975,1.51,0.0150884322019785
"TopN_Outlier_Pruning_Block_UNSORTED","runningex20k","average","add_neighbour",171381493,0.499997804615064,22.4933333333333,0.0735685316820025,7.36,0.0735387177352206
"TopN_Outlier_Pruning_Block_UNSORTED","runningex20k","average","best_outliers",500,1.45872753196013e-06,0,0,0,0
"TopN_Outlier_Pruning_Block_UNSORTED","runningex20k","average","distance_squared",171381493,0.499997804615064,278.303333333333,0.910241594348262,91.1,0.910241465445462
"TopN_Outlier_Pruning_Block_UNSORTED","runningex20k","average","merge",500,1.45872753196013e-06,0,0,0,0
"TopN_Outlier_Pruning_Block_UNSORTED","runningex20k","average","read_vardump",1,2.91745506392026e-09,0,0,0,0
"TopN_Outlier_Pruning_Block_UNSORTED","runningex20k","average","set_num_vectors",2,5.83491012784052e-09,0.113333333333333,0.00037067724913872,0.04,0.000399666944213156
"TopN_Outlier_Pruning_Block_UNSORTED","runningex20k","average","sort_block_scores_descending",500,1.45872753196013e-06,0,0,0,0
"TopN_Outlier_Pruning_Block_UNSORTED","runningex20k","average","test",1,2.91745506392026e-09,0,0,0,0
"TopN_Outlier_Pruning_Block_UNSORTED","runningex20k","average","top_n_outlier_pruning_block",1,2.91745506392026e-09,4.83666666666667,0.0158191967205966,1.58333333333333,0.0158201498751041
"TopN_Outlier_Pruning_Block_NO_BLOCKING","runningex30k","average","add_neighbour",378443135,0.499999550130968,5.49666666666667,0.00856014161350104,0.856666666666667,0.00855924865116899
"TopN_Outlier_Pruning_Block_NO_BLOCKING","runningex30k","average","best_outliers",338,4.46566028854684e-07,0.09,0.000140159990033067,0.01,9.99134083794045e-05
"TopN_Outlier_Pruning_Block_NO_BLOCKING","runningex30k","average","distance_squared",378443135,0.499999550130968,631.506666666667,0.98346631228684,98.44,0.983547592086858
"TopN_Outlier_Pruning_Block_NO_BLOCKING","runningex30k","average","merge",338,4.46566028854684e-07,0,0,0,0
"TopN_Outlier_Pruning_Block_NO_BLOCKING","runningex30k","average","read_vardump",1,1.32120126880084e-09,0,0,0,0
"TopN_Outlier_Pruning_Block_NO_BLOCKING","runningex30k","average","set_num_vectors",2,2.64240253760168e-09,0.33,0.00051391996345458,0.05,0.000499567041897023
"TopN_Outlier_Pruning_Block_NO_BLOCKING","runningex30k","average","test",1,1.32120126880084e-09,0,0,0,0
"TopN_Outlier_Pruning_Block_NO_BLOCKING","runningex30k","average","top_n_outlier_pruning_block",1,1.32120126880084e-09,4.7,0.0073194661461713,0.73,0.00729367881169653
"TopN_Outlier_Pruning_Block_SORTED","runningex30k","average","add_neighbour",379017443,0.499998512605862,5.55333333333333,0.00882948390447622,0.883333333333333,0.00882627231548095
"TopN_Outlier_Pruning_Block_SORTED","runningex30k","average","best_outliers",750,9.89397431121386e-07,0.0966666666666667,0.000153694497736981,0.0166666666666667,0.000166533439914735
"TopN_Outlier_Pruning_Block_SORTED","runningex30k","average","distance_squared",379017443,0.499998512605862,613.463333333333,0.975371781690215,97.6166666666667,0.975386357580602
"TopN_Outlier_Pruning_Block_SORTED","runningex30k","average","merge",750,9.89397431121386e-07,0,0,0,0
"TopN_Outlier_Pruning_Block_SORTED","runningex30k","average","read_vardump",1,1.31919657482851e-09,0,0,0,0
"TopN_Outlier_Pruning_Block_SORTED","runningex30k","average","set_num_vectors",2,2.63839314965703e-09,0.343333333333333,0.000545880457479622,0.0533333333333333,0.000532907007727152
"TopN_Outlier_Pruning_Block_SORTED","runningex30k","average","sort_block_scores_descending",750,9.89397431121386e-07,0,0,0,0
"TopN_Outlier_Pruning_Block_SORTED","runningex30k","average","test",1,1.31919657482851e-09,0,0,0,0
"TopN_Outlier_Pruning_Block_SORTED","runningex30k","average","top_n_outlier_pruning_block",1,1.31919657482851e-09,9.49666666666667,0.0150991594500917,1.51,0.015087929656275
"TopN_Outlier_Pruning_Block_UNSORTED","runningex30k","average","add_neighbour",379017443,0.499998512605862,49.3633333333333,0.0730432123427196,7.31,0.0730367015253447
"TopN_Outlier_Pruning_Block_UNSORTED","runningex30k","average","best_outliers",750,9.89397431121386e-07,0,0,0,0
"TopN_Outlier_Pruning_Block_UNSORTED","runningex30k","average","distance_squared",379017443,0.499998512605862,615.316666666667,0.910487661719517,91.1266666666667,0.910477586092053
"TopN_Outlier_Pruning_Block_UNSORTED","runningex30k","average","merge",750,9.89397431121386e-07,0,0,0,0
"TopN_Outlier_Pruning_Block_UNSORTED","runningex30k","average","read_vardump",1,1.31919657482851e-09,0,0,0,0
"TopN_Outlier_Pruning_Block_UNSORTED","runningex30k","average","set_num_vectors",2,2.63839314965703e-09,0.286666666666667,0.00042418233921763,0.0433333333333333,0.00043295810297742
"TopN_Outlier_Pruning_Block_UNSORTED","runningex30k","average","sort_block_scores_descending",750,9.89397431121386e-07,0,0,0,0
"TopN_Outlier_Pruning_Block_UNSORTED","runningex30k","average","test",1,1.31919657482851e-09,0,0,0,0
"TopN_Outlier_Pruning_Block_UNSORTED","runningex30k","average","top_n_outlier_pruning_block",1,1.31919657482851e-09,10.8433333333333,0.0160449435985459,1.60666666666667,0.0160527542796243
"TopN_Outlier_Pruning_Block_NO_BLOCKING","runningex40k","average","add_neighbour",535871046,0.499999645903866,7.56333333333333,0.00832229928734123,0.833333333333333,0.0083258400772638
"TopN_Outlier_Pruning_Block_NO_BLOCKING","runningex40k","average","best_outliers",377,3.51763484727924e-07,0.13,0.000143045249980744,0.0133333333333333,0.000133213441236221
"TopN_Outlier_Pruning_Block_NO_BLOCKING","runningex40k","average","distance_squared",535871046,0.499999645903866,894.413333333333,0.984165991175208,98.5066666666667,0.984180903853199
"TopN_Outlier_Pruning_Block_NO_BLOCKING","runningex40k","average","merge",377,3.51763484727924e-07,0,0,0,0
"TopN_Outlier_Pruning_Block_NO_BLOCKING","runningex40k","average","read_vardump",1,9.33059641188127e-10,0,0,0,0
"TopN_Outlier_Pruning_Block_NO_BLOCKING","runningex40k","average","set_num_vectors",2,1.86611928237625e-09,0.41,0.000451142711477731,0.0466666666666667,0.000466247044326773
"TopN_Outlier_Pruning_Block_NO_BLOCKING","runningex40k","average","test",1,9.33059641188127e-10,0,0,0,0
"TopN_Outlier_Pruning_Block_NO_BLOCKING","runningex40k","average","top_n_outlier_pruning_block",1,9.33059641188127e-10,6.28666666666667,0.00691752157599187,0.69,0.00689379558397442
"TopN_Outlier_Pruning_Block_SORTED","runningex40k","average","add_neighbour",536452760,0.499998599601024,7.07333333333333,0.00792438597211901,0.793333333333333,0.00792725577057589
"TopN_Outlier_Pruning_Block_SORTED","runningex40k","average","best_outliers",1000,9.32045907641567e-07,0.13,0.00014564140099559,0.0133333333333333,0.000133231189421444
"TopN_Outlier_Pruning_Block_SORTED","runningex40k","average","distance_squared",536452760,0.499998599601024,870.076666666667,0.974762959283892,97.5533333333333,0.974785997401992
"TopN_Outlier_Pruning_Block_SORTED","runningex40k","average","merge",1000,9.32045907641567e-07,0,0,0,0
"TopN_Outlier_Pruning_Block_SORTED","runningex40k","average","read_vardump",1,9.32045907641567e-10,0,0,0,0
"TopN_Outlier_Pruning_Block_SORTED","runningex40k","average","set_num_vectors",2,1.86409181528313e-09,0.48,0.000537752865214485,0.0533333333333333,0.000532924757685774
"TopN_Outlier_Pruning_Block_SORTED","runningex40k","average","sort_block_scores_descending",1000,9.32045907641567e-07,0,0,0,0
"TopN_Outlier_Pruning_Block_SORTED","runningex40k","average","test",1,9.32045907641567e-10,0,0,0,0
"TopN_Outlier_Pruning_Block_SORTED","runningex40k","average","top_n_outlier_pruning_block",1,9.32045907641567e-10,14.8433333333333,0.0166292604777785,1.66333333333333,0.0166205908803251
"TopN_Outlier_Pruning_Block_UNSORTED","runningex40k","average","add_neighbour",536452760,0.499998599601024,69.1233333333333,0.0721264377810782,7.22,0.0721398834304746
"TopN_Outlier_Pruning_Block_UNSORTED","runningex40k","average","best_outliers",1000,9.32045907641567e-07,0,0,0,0
"TopN_Outlier_Pruning_Block_UNSORTED","runningex40k","average","distance_squared",536452760,0.499998599601024,871.393333333333,0.909251536473641,91,0.909242298084929
"TopN_Outlier_Pruning_Block_UNSORTED","runningex40k","average","merge",1000,9.32045907641567e-07,0,0,0,0
"TopN_Outlier_Pruning_Block_UNSORTED","runningex40k","average","read_vardump",1,9.32045907641567e-10,0,0,0,0
"TopN_Outlier_Pruning_Block_UNSORTED","runningex40k","average","set_num_vectors",2,1.86409181528313e-09,0.383333333333333,0.000399987478652842,0.04,0.000399666944213156
"TopN_Outlier_Pruning_Block_UNSORTED","runningex40k","average","sort_block_scores_descending",1000,9.32045907641567e-07,0,0,0,0
"TopN_Outlier_Pruning_Block_UNSORTED","runningex40k","average","test",1,9.32045907641567e-10,0,0,0,0
"TopN_Outlier_Pruning_Block_UNSORTED","runningex40k","average","top_n_outlier_pruning_block",1,9.32045907641567e-10,17.4633333333333,0.0182220382666282,1.82333333333333,0.018218151540383
"TopN_Outlier_Pruning_Block_NO_BLOCKING","segmentation","average","add_neighbour",984890,0.499877427531248,0.0266666666666667,0.016359918200409,1.63666666666667,0.0163519499117461
"TopN_Outlier_Pruning_Block_NO_BLOCKING","segmentation","average","best_outliers",239,0.000121303602615488,0,0,0,0
"TopN_Outlier_Pruning_Block_NO_BLOCKING","segmentation","average","distance_squared",984890,0.499877427531248,1.59333333333333,0.977505112474436,97.84,0.977520231791388
"TopN_Outlier_Pruning_Block_NO_BLOCKING","segmentation","average","merge",239,0.000121303602615488,0,0,0,0
"TopN_Outlier_Pruning_Block_NO_BLOCKING","segmentation","average","read_vardump",1,5.0754645445811e-07,0,0,0,0
"TopN_Outlier_Pruning_Block_NO_BLOCKING","segmentation","average","set_num_vectors",2,1.01509290891622e-06,0,0,0,0
"TopN_Outlier_Pruning_Block_NO_BLOCKING","segmentation","average","test",1,5.0754645445811e-07,0,0,0,0
"TopN_Outlier_Pruning_Block_NO_BLOCKING","segmentation","average","top_n_outlier_pruning_block",1,5.0754645445811e-07,0.01,0.00613496932515336,0.613333333333333,0.00612781829686615
"TopN_Outlier_Pruning_Block_SORTED","segmentation","average","add_neighbour",1033012,0.499960313388714,0.0366666666666667,0.020754716981132,1.99666666666667,0.0199513706158612
"TopN_Outlier_Pruning_Block_SORTED","segmentation","average","best_outliers",53,2.56511024166242e-05,0.00333333333333333,0.00188679245283019,0.0966666666666667,0.000965926123305466
"TopN_Outlier_Pruning_Block_SORTED","segmentation","average","distance_squared",1033012,0.499960313388714,1.69,0.956603773584904,95.8966666666667,0.958232022116377
"TopN_Outlier_Pruning_Block_SORTED","segmentation","average","merge",53,2.56511024166242e-05,0,0,0,0
"TopN_Outlier_Pruning_Block_SORTED","segmentation","average","read_vardump",1,4.83983064464608e-07,0,0,0,0
"TopN_Outlier_Pruning_Block_SORTED","segmentation","average","set_num_vectors",2,9.67966128929217e-07,0,0,0,0
"TopN_Outlier_Pruning_Block_SORTED","segmentation","average","sort_block_scores_descending",53,2.56511024166242e-05,0,0,0,0
"TopN_Outlier_Pruning_Block_SORTED","segmentation","average","test",1,4.83983064464608e-07,0,0,0,0
"TopN_Outlier_Pruning_Block_SORTED","segmentation","average","top_n_outlier_pruning_block",1,4.83983064464608e-07,0.0366666666666667,0.020754716981132,2.08666666666667,0.0208506811444559
"TopN_Outlier_Pruning_Block_UNSORTED","segmentation","average","add_neighbour",1033012,0.499960313388714,0.173333333333333,0.0938628158844764,9.41333333333333,0.0940580868638423
"TopN_Outlier_Pruning_Block_UNSORTED","segmentation","average","best_outliers",53,2.56511024166242e-05,0,0,0,0
"TopN_Outlier_Pruning_Block_UNSORTED","segmentation","average","distance_squared",1033012,0.499960313388714,1.62333333333333,0.879061371841154,87.96,0.878896882494005
"TopN_Outlier_Pruning_Block_UNSORTED","segmentation","average","merge",53,2.56511024166242e-05,0,0,0,0
"TopN_Outlier_Pruning_Block_UNSORTED","segmentation","average","read_vardump",1,4.83983064464608e-07,0,0,0,0
"TopN_Outlier_Pruning_Block_UNSORTED","segmentation","average","set_num_vectors",2,9.67966128929217e-07,0,0,0,0
"TopN_Outlier_Pruning_Block_UNSORTED","segmentation","average","sort_block_scores_descending",53,2.56511024166242e-05,0,0,0,0
"TopN_Outlier_Pruning_Block_UNSORTED","segmentation","average","test",1,4.83983064464608e-07,0.00333333333333333,0.00180505415162455,0.18,0.00179856115107914
"TopN_Outlier_Pruning_Block_UNSORTED","segmentation","average","top_n_outlier_pruning_block",1,4.83983064464608e-07,0.0466666666666667,0.0252707581227436,2.52666666666667,0.0252464694910738
"TopN_Outlier_Pruning_Block_NO_BLOCKING","spam","average","add_neighbour",1701357,0.499921398639947,0.0333333333333333,0.0116009280742459,1.16,0.0115891834287998
"TopN_Outlier_Pruning_Block_NO_BLOCKING","spam","average","best_outliers",265,7.78667679032595e-05,0,0,0,0
"TopN_Outlier_Pruning_Block_NO_BLOCKING","spam","average","distance_squared",1701357,0.499921398639947,2.81,0.977958236658932,97.8833333333333,0.977920607433062
"TopN_Outlier_Pruning_Block_NO_BLOCKING","spam","average","merge",265,7.78667679032595e-05,0.00666666666666667,0.00232018561484919,0.233333333333333,0.00233115758625283
"TopN_Outlier_Pruning_Block_NO_BLOCKING","spam","average","read_vardump",1,2.938368600123e-07,0,0,0,0
"TopN_Outlier_Pruning_Block_NO_BLOCKING","spam","average","set_num_vectors",2,5.876737200246e-07,0,0,0,0
"TopN_Outlier_Pruning_Block_NO_BLOCKING","spam","average","test",1,2.938368600123e-07,0,0,0,0
"TopN_Outlier_Pruning_Block_NO_BLOCKING","spam","average","top_n_outlier_pruning_block",1,2.938368600123e-07,0.0233333333333333,0.00812064965197215,0.816666666666667,0.00815905155188491
"TopN_Outlier_Pruning_Block_SORTED","spam","average","add_neighbour",1828493,0.499951740869523,0.0166666666666667,0.00529661016949152,0.533333333333333,0.00532889258950874
"TopN_Outlier_Pruning_Block_SORTED","spam","average","best_outliers",116,3.17170489254619e-05,0,0,0,0
"TopN_Outlier_Pruning_Block_SORTED","spam","average","distance_squared",1828493,0.499951740869523,2.96,0.940677966101694,94.1433333333333,0.940649458784346
"TopN_Outlier_Pruning_Block_SORTED","spam","average","merge",116,3.17170489254619e-05,0,0,0,0
"TopN_Outlier_Pruning_Block_SORTED","spam","average","read_vardump",1,2.73422835564327e-07,0,0,0,0
"TopN_Outlier_Pruning_Block_SORTED","spam","average","set_num_vectors",2,5.46845671128654e-07,0,0,0,0
"TopN_Outlier_Pruning_Block_SORTED","spam","average","sort_block_scores_descending",116,3.17170489254619e-05,0,0,0,0
"TopN_Outlier_Pruning_Block_SORTED","spam","average","test",1,2.73422835564327e-07,0,0,0,0
"TopN_Outlier_Pruning_Block_SORTED","spam","average","top_n_outlier_pruning_block",1,2.73422835564327e-07,0.17,0.0540254237288135,5.40666666666667,0.0540216486261449
"TopN_Outlier_Pruning_Block_UNSORTED","spam","average","add_neighbour",1828493,0.499951740869523,0.233333333333333,0.0697211155378485,6.97666666666667,0.069710897948308
"TopN_Outlier_Pruning_Block_UNSORTED","spam","average","best_outliers",116,3.17170489254619e-05,0,0,0,0
"TopN_Outlier_Pruning_Block_UNSORTED","spam","average","distance_squared",1828493,0.499951740869523,2.96666666666667,0.886454183266931,88.7233333333333,0.8865241140421
"TopN_Outlier_Pruning_Block_UNSORTED","spam","average","merge",116,3.17170489254619e-05,0,0,0,0
"TopN_Outlier_Pruning_Block_UNSORTED","spam","average","read_vardump",1,2.73422835564327e-07,0,0,0,0
"TopN_Outlier_Pruning_Block_UNSORTED","spam","average","set_num_vectors",2,5.46845671128654e-07,0,0,0,0
"TopN_Outlier_Pruning_Block_UNSORTED","spam","average","sort_block_scores_descending",116,3.17170489254619e-05,0,0,0,0
"TopN_Outlier_Pruning_Block_UNSORTED","spam","average","test",1,2.73422835564327e-07,0,0,0,0
"TopN_Outlier_Pruning_Block_UNSORTED","spam","average","top_n_outlier_pruning_block",1,2.73422835564327e-07,0.146666666666667,0.0438247011952191,4.38,0.0437649880095923
"TopN_Outlier_Pruning_Block_NO_BLOCKING","spam_train","average","add_neighbour",1589883,0.499926892103121,0.05,0.0186799501867995,1.86666666666667,0.0186505028974888
"TopN_Outlier_Pruning_Block_NO_BLOCKING","spam_train","average","best_outliers",230,7.23217904611332e-05,0,0,0,0
"TopN_Outlier_Pruning_Block_NO_BLOCKING","spam_train","average","distance_squared",1589883,0.499926892103121,2.61,0.975093399750933,97.6,0.975154865782988
"TopN_Outlier_Pruning_Block_NO_BLOCKING","spam_train","average","merge",230,7.23217904611332e-05,0,0,0,0
"TopN_Outlier_Pruning_Block_NO_BLOCKING","spam_train","average","read_vardump",1,3.14442567222318e-07,0,0,0,0
"TopN_Outlier_Pruning_Block_NO_BLOCKING","spam_train","average","set_num_vectors",2,6.28885134444636e-07,0,0,0,0
"TopN_Outlier_Pruning_Block_NO_BLOCKING","spam_train","average","test",1,3.14442567222318e-07,0,0,0,0
"TopN_Outlier_Pruning_Block_NO_BLOCKING","spam_train","average","top_n_outlier_pruning_block",1,3.14442567222318e-07,0.0166666666666667,0.00622665006226649,0.62,0.00619463131952308
"TopN_Outlier_Pruning_Block_SORTED","spam_train","average","add_neighbour",1683050,0.499948907511903,0.0266666666666667,0.00910125142207052,0.85,0.00849348832561703
"TopN_Outlier_Pruning_Block_SORTED","spam_train","average","best_outliers",113,3.35665764824842e-05,0.00333333333333333,0.00113765642775882,0.0566666666666667,0.000566232555041135
"TopN_Outlier_Pruning_Block_SORTED","spam_train","average","distance_squared",1683050,0.499948907511903,2.75333333333333,0.939704209328782,94.1533333333334,0.940812044099524
"TopN_Outlier_Pruning_Block_SORTED","spam_train","average","merge",113,3.35665764824842e-05,0,0,0,0
"TopN_Outlier_Pruning_Block_SORTED","spam_train","average","read_vardump",1,2.97049349402515e-07,0,0,0,0
"TopN_Outlier_Pruning_Block_SORTED","spam_train","average","set_num_vectors",2,5.9409869880503e-07,0.00333333333333333,0.00113765642775882,0.113333333333333,0.00113246511008227
"TopN_Outlier_Pruning_Block_SORTED","spam_train","average","sort_block_scores_descending",113,3.35665764824842e-05,0,0,0,0
"TopN_Outlier_Pruning_Block_SORTED","spam_train","average","test",1,2.97049349402515e-07,0,0,0,0
"TopN_Outlier_Pruning_Block_SORTED","spam_train","average","top_n_outlier_pruning_block",1,2.97049349402515e-07,0.143333333333333,0.0489192263936291,4.90333333333333,0.0489957699097359
"TopN_Outlier_Pruning_Block_UNSORTED","spam_train","average","add_neighbour",1683050,0.499948907511903,0.166666666666667,0.0539374325782092,5.39,0.053853327116499
"TopN_Outlier_Pruning_Block_UNSORTED","spam_train","average","best_outliers",113,3.35665764824842e-05,0,0,0,0
"TopN_Outlier_Pruning_Block_UNSORTED","spam_train","average","distance_squared",1683050,0.499948907511903,2.77666666666667,0.898597626752965,89.9433333333333,0.898654499433824
"TopN_Outlier_Pruning_Block_UNSORTED","spam_train","average","merge",113,3.35665764824842e-05,0,0,0,0
"TopN_Outlier_Pruning_Block_UNSORTED","spam_train","average","read_vardump",1,2.97049349402515e-07,0,0,0,0
"TopN_Outlier_Pruning_Block_UNSORTED","spam_train","average","set_num_vectors",2,5.9409869880503e-07,0,0,0,0
"TopN_Outlier_Pruning_Block_UNSORTED","spam_train","average","sort_block_scores_descending",113,3.35665764824842e-05,0,0,0,0
"TopN_Outlier_Pruning_Block_UNSORTED","spam_train","average","test",1,2.97049349402515e-07,0,0,0,0
"TopN_Outlier_Pruning_Block_UNSORTED","spam_train","average","top_n_outlier_pruning_block",1,2.97049349402515e-07,0.146666666666667,0.0474649406688241,4.75333333333333,0.0474921734496769
"TopN_Outlier_Pruning_Block_NO_BLOCKING","testCD","average","add_neighbour",261992,0.499533817756109,0,0,0,0
"TopN_Outlier_Pruning_Block_NO_BLOCKING","testCD","average","best_outliers",242,0.000461415554280201,0,0,0,0
"TopN_Outlier_Pruning_Block_NO_BLOCKING","testCD","average","distance_squared",261992,0.499533817756109,0.436666666666667,0.992424242424235,99.3333333333333,0.992440137209845
"TopN_Outlier_Pruning_Block_NO_BLOCKING","testCD","average","merge",242,0.000461415554280201,0,0,0,0
"TopN_Outlier_Pruning_Block_NO_BLOCKING","testCD","average","read_vardump",1,1.90667584413306e-06,0,0,0,0
"TopN_Outlier_Pruning_Block_NO_BLOCKING","testCD","average","set_num_vectors",2,3.81335168826613e-06,0,0,0,0
"TopN_Outlier_Pruning_Block_NO_BLOCKING","testCD","average","test",1,1.90667584413306e-06,0,0,0,0
"TopN_Outlier_Pruning_Block_NO_BLOCKING","testCD","average","top_n_outlier_pruning_block",1,1.90667584413306e-06,0.00333333333333333,0.00757575757575752,0.756666666666667,0.00755986279015553
"TopN_Outlier_Pruning_Block_SORTED","testCD","average","add_neighbour",271325,0.499951170345474,0.01,0.0225563909774434,2.25666666666667,0.0225486277644551
"TopN_Outlier_Pruning_Block_SORTED","testCD","average","best_outliers",16,2.9482055562619e-05,0,0,0,0
"TopN_Outlier_Pruning_Block_SORTED","testCD","average","distance_squared",271325,0.499951170345474,0.426666666666667,0.962406015037587,96.34,0.962629896083133
"TopN_Outlier_Pruning_Block_SORTED","testCD","average","merge",16,2.9482055562619e-05,0,0,0,0
"TopN_Outlier_Pruning_Block_SORTED","testCD","average","read_vardump",1,1.84262847266369e-06,0,0,0,0
"TopN_Outlier_Pruning_Block_SORTED","testCD","average","set_num_vectors",2,3.68525694532737e-06,0,0,0,0
"TopN_Outlier_Pruning_Block_SORTED","testCD","average","sort_block_scores_descending",16,2.9482055562619e-05,0,0,0,0
"TopN_Outlier_Pruning_Block_SORTED","testCD","average","test",1,1.84262847266369e-06,0,0,0,0
"TopN_Outlier_Pruning_Block_SORTED","testCD","average","top_n_outlier_pruning_block",1,1.84262847266369e-06,0.00666666666666667,0.0150375939849623,1.48333333333333,0.0148214761524114
"TopN_Outlier_Pruning_Block_UNSORTED","testCD","average","add_neighbour",271325,0.499951170345474,0.0433333333333333,0.0902777777777772,9.03666666666667,0.0902914238134888
"TopN_Outlier_Pruning_Block_UNSORTED","testCD","average","best_outliers",16,2.9482055562619e-05,0,0,0,0
"TopN_Outlier_Pruning_Block_UNSORTED","testCD","average","distance_squared",271325,0.499951170345474,0.43,0.895833333333327,89.6566666666667,0.895820149875104
"TopN_Outlier_Pruning_Block_UNSORTED","testCD","average","merge",16,2.9482055562619e-05,0,0,0,0
"TopN_Outlier_Pruning_Block_UNSORTED","testCD","average","read_vardump",1,1.84262847266369e-06,0,0,0,0
"TopN_Outlier_Pruning_Block_UNSORTED","testCD","average","set_num_vectors",2,3.68525694532737e-06,0,0,0,0
"TopN_Outlier_Pruning_Block_UNSORTED","testCD","average","sort_block_scores_descending",16,2.9482055562619e-05,0,0,0,0
"TopN_Outlier_Pruning_Block_UNSORTED","testCD","average","test",1,1.84262847266369e-06,0,0,0,0
"TopN_Outlier_Pruning_Block_UNSORTED","testCD","average","top_n_outlier_pruning_block",1,1.84262847266369e-06,0.00666666666666667,0.0138888888888888,1.39,0.0138884263114072
"TopN_Outlier_Pruning_Block_NO_BLOCKING","testCDST","average","add_neighbour",1723021,0.499946756174325,0.0366666666666667,0.0127462340672074,1.27333333333333,0.0127218836380591
"TopN_Outlier_Pruning_Block_NO_BLOCKING","testCDST","average","best_outliers",181,5.25184329544172e-05,0,0,0,0
"TopN_Outlier_Pruning_Block_NO_BLOCKING","testCDST","average","distance_squared",1723021,0.499946756174325,2.82666666666667,0.982618771726534,98.3533333333333,0.982648949278982
"TopN_Outlier_Pruning_Block_NO_BLOCKING","testCDST","average","merge",181,5.25184329544172e-05,0,0,0,0
"TopN_Outlier_Pruning_Block_NO_BLOCKING","testCDST","average","read_vardump",1,2.90157088145951e-07,0,0,0,0
"TopN_Outlier_Pruning_Block_NO_BLOCKING","testCDST","average","set_num_vectors",2,5.80314176291903e-07,0,0,0,0
"TopN_Outlier_Pruning_Block_NO_BLOCKING","testCDST","average","test",1,2.90157088145951e-07,0,0,0,0
"TopN_Outlier_Pruning_Block_NO_BLOCKING","testCDST","average","top_n_outlier_pruning_block",1,2.90157088145951e-07,0.0133333333333333,0.00463499420625724,0.463333333333333,0.00462916708295867
"TopN_Outlier_Pruning_Block_SORTED","testCDST","average","add_neighbour",1751607,0.499977878436442,0.04,0.0136208853575482,1.36,0.0135891286970424
"TopN_Outlier_Pruning_Block_SORTED","testCDST","average","best_outliers",50,1.42719764889168e-05,0,0,0,0
"TopN_Outlier_Pruning_Block_SORTED","testCDST","average","distance_squared",1751607,0.499977878436442,2.84333333333333,0.968217934165719,96.9033333333334,0.968258726352252
"TopN_Outlier_Pruning_Block_SORTED","testCDST","average","merge",50,1.42719764889168e-05,0,0,0,0
"TopN_Outlier_Pruning_Block_SORTED","testCDST","average","read_vardump",1,2.85439529778336e-07,0,0,0,0
"TopN_Outlier_Pruning_Block_SORTED","testCDST","average","set_num_vectors",2,5.70879059556672e-07,0,0,0,0
"TopN_Outlier_Pruning_Block_SORTED","testCDST","average","sort_block_scores_descending",50,1.42719764889168e-05,0,0,0,0
"TopN_Outlier_Pruning_Block_SORTED","testCDST","average","test",1,2.85439529778336e-07,0,0,0,0
"TopN_Outlier_Pruning_Block_SORTED","testCDST","average","top_n_outlier_pruning_block",1,2.85439529778336e-07,0.0533333333333333,0.018161180476731,1.81666666666667,0.0181521449507061
"TopN_Outlier_Pruning_Block_UNSORTED","testCDST","average","add_neighbour",1751607,0.499977878436442,0.236666666666667,0.0757737459978654,7.58,0.075736885928393
"TopN_Outlier_Pruning_Block_UNSORTED","testCDST","average","best_outliers",50,1.42719764889168e-05,0,0,0,0
"TopN_Outlier_Pruning_Block_UNSORTED","testCDST","average","distance_squared",1751607,0.499977878436442,2.82666666666667,0.905016008537886,90.5733333333333,0.904979184013322
"TopN_Outlier_Pruning_Block_UNSORTED","testCDST","average","merge",50,1.42719764889168e-05,0,0,0,0
"TopN_Outlier_Pruning_Block_UNSORTED","testCDST","average","read_vardump",1,2.85439529778336e-07,0,0,0,0
"TopN_Outlier_Pruning_Block_UNSORTED","testCDST","average","set_num_vectors",2,5.70879059556672e-07,0,0,0,0
"TopN_Outlier_Pruning_Block_UNSORTED","testCDST","average","sort_block_scores_descending",50,1.42719764889168e-05,0,0,0,0
"TopN_Outlier_Pruning_Block_UNSORTED","testCDST","average","test",1,2.85439529778336e-07,0,0,0,0
"TopN_Outlier_Pruning_Block_UNSORTED","testCDST","average","top_n_outlier_pruning_block",1,2.85439529778336e-07,0.06,0.0192102454642476,1.93,0.0192839300582848
"TopN_Outlier_Pruning_Block_NO_BLOCKING","testCDST2","average","add_neighbour",1875001,0.499940940341746,0.0466666666666667,0.0149413020277481,1.49666666666667,0.0149527108032503
"TopN_Outlier_Pruning_Block_NO_BLOCKING","testCDST2","average","best_outliers",219,5.83930706889449e-05,0,0,0,0
"TopN_Outlier_Pruning_Block_NO_BLOCKING","testCDST2","average","distance_squared",1875001,0.499940940341746,3.06,0.979722518676627,98.0633333333333,0.9797189289996
"TopN_Outlier_Pruning_Block_NO_BLOCKING","testCDST2","average","merge",219,5.83930706889449e-05,0,0,0,0
"TopN_Outlier_Pruning_Block_NO_BLOCKING","testCDST2","average","read_vardump",1,2.66635025976917e-07,0,0,0,0
"TopN_Outlier_Pruning_Block_NO_BLOCKING","testCDST2","average","set_num_vectors",2,5.33270051953835e-07,0,0,0,0
"TopN_Outlier_Pruning_Block_NO_BLOCKING","testCDST2","average","test",1,2.66635025976917e-07,0,0,0,0
"TopN_Outlier_Pruning_Block_NO_BLOCKING","testCDST2","average","top_n_outlier_pruning_block",1,2.66635025976917e-07,0.0166666666666667,0.00533617929562433,0.533333333333333,0.00532836019714933
"TopN_Outlier_Pruning_Block_SORTED","testCDST2","average","add_neighbour",1898789,0.499979593088824,0.06,0.0189274447949527,1.89333333333333,0.0189181987743139
"TopN_Outlier_Pruning_Block_SORTED","testCDST2","average","best_outliers",50,1.31657491456087e-05,0,0,0,0
"TopN_Outlier_Pruning_Block_SORTED","testCDST2","average","distance_squared",1898789,0.499979593088824,3.05666666666667,0.964248159831755,96.5,0.964228617106315
"TopN_Outlier_Pruning_Block_SORTED","testCDST2","average","merge",50,1.31657491456087e-05,0,0,0,0
"TopN_Outlier_Pruning_Block_SORTED","testCDST2","average","read_vardump",1,2.63314982912174e-07,0,0,0,0
"TopN_Outlier_Pruning_Block_SORTED","testCDST2","average","set_num_vectors",2,5.26629965824348e-07,0.00333333333333333,0.0010515247108307,0.106666666666667,0.0010658140154543
"TopN_Outlier_Pruning_Block_SORTED","testCDST2","average","sort_block_scores_descending",50,1.31657491456087e-05,0,0,0,0
"TopN_Outlier_Pruning_Block_SORTED","testCDST2","average","test",1,2.63314982912174e-07,0,0,0,0
"TopN_Outlier_Pruning_Block_SORTED","testCDST2","average","top_n_outlier_pruning_block",1,2.63314982912174e-07,0.05,0.0157728706624606,1.58,0.0157873701039169
"TopN_Outlier_Pruning_Block_UNSORTED","testCDST2","average","add_neighbour",1898789,0.499979593088824,0.226666666666667,0.067127344521224,6.71,0.0670441298917569
"TopN_Outlier_Pruning_Block_UNSORTED","testCDST2","average","best_outliers",50,1.31657491456087e-05,0,0,0,0
"TopN_Outlier_Pruning_Block_UNSORTED","testCDST2","average","distance_squared",1898789,0.499979593088824,3.10333333333333,0.919052319842052,91.9866666666667,0.919100749375521
"TopN_Outlier_Pruning_Block_UNSORTED","testCDST2","average","merge",50,1.31657491456087e-05,0,0,0,0
"TopN_Outlier_Pruning_Block_UNSORTED","testCDST2","average","read_vardump",1,2.63314982912174e-07,0,0,0,0
"TopN_Outlier_Pruning_Block_UNSORTED","testCDST2","average","set_num_vectors",2,5.26629965824348e-07,0,0,0,0
"TopN_Outlier_Pruning_Block_UNSORTED","testCDST2","average","sort_block_scores_descending",50,1.31657491456087e-05,0,0,0,0
"TopN_Outlier_Pruning_Block_UNSORTED","testCDST2","average","test",1,2.63314982912174e-07,0,0,0,0
"TopN_Outlier_Pruning_Block_UNSORTED","testCDST2","average","top_n_outlier_pruning_block",1,2.63314982912174e-07,0.0466666666666667,0.0138203356367226,1.38666666666667,0.0138551207327227
"TopN_Outlier_Pruning_Block_NO_BLOCKING","testCDST3","average","add_neighbour",1718554,0.499941672879984,0.0333333333333333,0.0116550116550116,1.16666666666667,0.0116561761081693
"TopN_Outlier_Pruning_Block_NO_BLOCKING","testCDST3","average","best_outliers",198,5.75998491931221e-05,0,0,0,0
"TopN_Outlier_Pruning_Block_NO_BLOCKING","testCDST3","average","distance_squared",1718554,0.499941672879984,2.78333333333333,0.973193473193472,97.4066666666667,0.973190794951211
"TopN_Outlier_Pruning_Block_NO_BLOCKING","testCDST3","average","merge",198,5.75998491931221e-05,0,0,0,0
"TopN_Outlier_Pruning_Block_NO_BLOCKING","testCDST3","average","read_vardump",1,2.90908329258193e-07,0,0,0,0
"TopN_Outlier_Pruning_Block_NO_BLOCKING","testCDST3","average","set_num_vectors",2,5.81816658516385e-07,0.00666666666666667,0.00233100233100233,0.233333333333333,0.00233123522163386
"TopN_Outlier_Pruning_Block_NO_BLOCKING","testCDST3","average","test",1,2.90908329258193e-07,0,0,0,0
"TopN_Outlier_Pruning_Block_NO_BLOCKING","testCDST3","average","top_n_outlier_pruning_block",1,2.90908329258193e-07,0.0366666666666667,0.0128205128205128,1.28333333333333,0.0128217937189862
"TopN_Outlier_Pruning_Block_SORTED","testCDST3","average","add_neighbour",1751209,0.499977873409062,0.03,0.0102739726027397,1.03,0.0102921093828065
"TopN_Outlier_Pruning_Block_SORTED","testCDST3","average","best_outliers",50,1.42752199597267e-05,0,0,0,0
"TopN_Outlier_Pruning_Block_SORTED","testCDST3","average","distance_squared",1751209,0.499977873409062,2.82,0.965753424657533,96.65,0.965759584318689
"TopN_Outlier_Pruning_Block_SORTED","testCDST3","average","merge",50,1.42752199597267e-05,0,0,0,0
"TopN_Outlier_Pruning_Block_SORTED","testCDST3","average","read_vardump",1,2.85504399194535e-07,0,0,0,0
"TopN_Outlier_Pruning_Block_SORTED","testCDST3","average","set_num_vectors",2,5.7100879838907e-07,0,0,0,0
"TopN_Outlier_Pruning_Block_SORTED","testCDST3","average","sort_block_scores_descending",50,1.42752199597267e-05,0,0,0,0
"TopN_Outlier_Pruning_Block_SORTED","testCDST3","average","test",1,2.85504399194535e-07,0,0,0,0
"TopN_Outlier_Pruning_Block_SORTED","testCDST3","average","top_n_outlier_pruning_block",1,2.85504399194535e-07,0.07,0.023972602739726,2.39666666666667,0.0239483062985045
"TopN_Outlier_Pruning_Block_UNSORTED","testCDST3","average","add_neighbour",1751209,0.499977873409062,0.263333333333333,0.0845824411134903,8.46666666666667,0.0845961698584513
"TopN_Outlier_Pruning_Block_UNSORTED","testCDST3","average","best_outliers",50,1.42752199597267e-05,0,0,0,0
"TopN_Outlier_Pruning_Block_UNSORTED","testCDST3","average","distance_squared",1751209,0.499977873409062,2.8,0.899357601713061,90.0066666666667,0.899317235636969
"TopN_Outlier_Pruning_Block_UNSORTED","testCDST3","average","merge",50,1.42752199597267e-05,0,0,0,0
"TopN_Outlier_Pruning_Block_UNSORTED","testCDST3","average","read_vardump",1,2.85504399194535e-07,0,0,0,0
"TopN_Outlier_Pruning_Block_UNSORTED","testCDST3","average","set_num_vectors",2,5.7100879838907e-07,0,0,0,0
"TopN_Outlier_Pruning_Block_UNSORTED","testCDST3","average","sort_block_scores_descending",50,1.42752199597267e-05,0,0,0,0
"TopN_Outlier_Pruning_Block_UNSORTED","testCDST3","average","test",1,2.85504399194535e-07,0,0,0,0
"TopN_Outlier_Pruning_Block_UNSORTED","testCDST3","average","top_n_outlier_pruning_block",1,2.85504399194535e-07,0.05,0.0160599571734475,1.61,0.0160865945045795
"TopN_Outlier_Pruning_Block_NO_BLOCKING","testoutrank","average","add_neighbour",108323,0.499637920139481,0.01,0.0508474576271178,5.26,0.0525527025676891
"TopN_Outlier_Pruning_Block_NO_BLOCKING","testoutrank","average","best_outliers",76,0.000350548654769537,0,0,0,0
"TopN_Outlier_Pruning_Block_NO_BLOCKING","testoutrank","average","distance_squared",108323,0.499637920139481,0.18,0.91525423728812,91.5333333333333,0.914510274086655
"TopN_Outlier_Pruning_Block_NO_BLOCKING","testoutrank","average","merge",76,0.000350548654769537,0,0,0,0
"TopN_Outlier_Pruning_Block_NO_BLOCKING","testoutrank","average","read_vardump",1,4.61248229959918e-06,0,0,0,0
"TopN_Outlier_Pruning_Block_NO_BLOCKING","testoutrank","average","set_num_vectors",2,9.22496459919835e-06,0,0,0,0
"TopN_Outlier_Pruning_Block_NO_BLOCKING","testoutrank","average","test",1,4.61248229959918e-06,0,0,0,0
"TopN_Outlier_Pruning_Block_NO_BLOCKING","testoutrank","average","top_n_outlier_pruning_block",1,4.61248229959918e-06,0.00666666666666667,0.0338983050847452,3.29666666666667,0.0329370233456556
"TopN_Outlier_Pruning_Block_SORTED","testoutrank","average","add_neighbour",109039,0.499906014606706,0.00333333333333333,0.0172413793103445,1.96333333333333,0.0196176392219558
"TopN_Outlier_Pruning_Block_SORTED","testoutrank","average","best_outliers",12,5.50158399772601e-05,0,0,0,0
"TopN_Outlier_Pruning_Block_SORTED","testoutrank","average","distance_squared",109039,0.499906014606706,0.186666666666667,0.965517241379294,96.1533333333333,0.960764721556088
"TopN_Outlier_Pruning_Block_SORTED","testoutrank","average","merge",12,5.50158399772601e-05,0,0,0,0
"TopN_Outlier_Pruning_Block_SORTED","testoutrank","average","read_vardump",1,4.58465333143834e-06,0,0,0,0
"TopN_Outlier_Pruning_Block_SORTED","testoutrank","average","set_num_vectors",2,9.16930666287669e-06,0,0,0,0
"TopN_Outlier_Pruning_Block_SORTED","testoutrank","average","sort_block_scores_descending",12,5.50158399772601e-05,0,0,0,0
"TopN_Outlier_Pruning_Block_SORTED","testoutrank","average","test",1,4.58465333143834e-06,0,0,0,0
"TopN_Outlier_Pruning_Block_SORTED","testoutrank","average","top_n_outlier_pruning_block",1,4.58465333143834e-06,0.00333333333333333,0.0172413793103445,1.96333333333333,0.0196176392219558
"TopN_Outlier_Pruning_Block_UNSORTED","testoutrank","average","add_neighbour",109039,0.499906014606706,0.00666666666666667,0.035087719298245,3.51333333333333,0.0351040799333888
"TopN_Outlier_Pruning_Block_UNSORTED","testoutrank","average","best_outliers",12,5.50158399772601e-05,0,0,0,0
"TopN_Outlier_Pruning_Block_UNSORTED","testoutrank","average","distance_squared",109039,0.499906014606706,0.18,0.947368421052615,94.8133333333333,0.947343880099917
"TopN_Outlier_Pruning_Block_UNSORTED","testoutrank","average","merge",12,5.50158399772601e-05,0,0,0,0
"TopN_Outlier_Pruning_Block_UNSORTED","testoutrank","average","read_vardump",1,4.58465333143834e-06,0,0,0,0
"TopN_Outlier_Pruning_Block_UNSORTED","testoutrank","average","set_num_vectors",2,9.16930666287669e-06,0,0,0,0
"TopN_Outlier_Pruning_Block_UNSORTED","testoutrank","average","sort_block_scores_descending",12,5.50158399772601e-05,0,0,0,0
"TopN_Outlier_Pruning_Block_UNSORTED","testoutrank","average","test",1,4.58465333143834e-06,0,0,0,0
"TopN_Outlier_Pruning_Block_UNSORTED","testoutrank","average","top_n_outlier_pruning_block",1,4.58465333143834e-06,0.00333333333333333,0.0175438596491225,1.75666666666667,0.0175520399666944
